<application>
  <component name="CodotaSettings">
    <option name="methodCompletionsPercentageSet" value="true" />
    <option name="id" value="c905343a-c088-4706-89f9-5acbc8f1d72a" />
    <option name="wasRunBefore" value="true" />
    <option name="firstRun" value="1612758176814" />
    <option name="generation" value="128" />
    <option name="updateGeneration" value="1" />
    <option name="isInJSBeta" value="YES" />
    <option name="isMethodCompletionsPercentageActive" value="true" />
    <option name="isMethodCompletionsPercentageSet" value="true" />
    <option name="testedFeatureFlags">
      <set>
        <option value="deep-completions" />
      </set>
    </option>
    <option name="usedLanguages">
      <set>
        <option value="java" />
        <option value="javascript" />
      </set>
    </option>
  </component>
</application>